{"cue": [0.5, 0.9627410169338212], "v0": 11.9, "phi": 0.02417869892607294, "balls": [[1.5644523710820695, 0.9370830878073282], [1.2313511207066425, 1.5207159696699408], [0.32208042101645235, 0.4218237002084928]], "pockets": [4, 2, 2], "n": 3, "dv": 0.005, "dphi": 0.0008}