{"cue": [0.5, 0.7317787762551349], "v0": 11.9, "phi": 0.004422922529595183, "balls": [[1.6660088751143312, 0.7890355373612709], [3.271488605055351, 0.6012804001737142], [3.5196084306150066, 0.43462707799817907], [1.9410549009152145, 0.6228490776305564], [0.40082786438078255, 1.0051032876509405], [0.05157212328236188, 1.249677022852223], [1.6262547562507996, 1.0965190363999793], [1.8668919837686744, 0.9342911883058835], [3.266994816362867, 0.9098486418269139], [3.513906252833838, 0.7192238926452459], [2.0275116910673403, 0.8330887560668044], [0.5672310871451429, 1.2511779031674855], [0.3692963374814843, 1.6657083762406228], [1.2020446812735952, 1.2037476239870661], [1.9747537043702963, 0.2780508675083503], [2.1754570045125248, 0.2663309502447333], [2.983824994750899, 0.4735427441774437], [3.3776349378457016, 1.5504545118287387], [3.1756407713888875, 1.5900054037759972], [3.1108567805916603, 1.729564155971672], [3.1780009986071, 1.4227729159542388]], "pockets": [5, 3, 1, 4, 0, 2, 5, 4, 3, 1, 4, 0, 4, 5, 4, 3, 1, 3, 0, 2, 1], "n": 21}